Q^2,xB,W^2,FL,errFL,experiment
0.75,0.0769,9.88,0.09478,0.019,E140X
0.75,0.143,5.38,0.08358,0.01323,E140X
2.5,0.31,6.45,0.05884,0.01164,E140X
3.75,0.51,4.48,0.03171,0.00623,E140X
