Q^2,xB,W^2,FL,errFL,experiment
0.75,0.186,4.15,0.1426,0.04374,E99118
0.75,0.226,3.46,0.08949,0.02151,E99118
0.75,0.152,5.06,0.09504,0.01801,E99118
0.75,0.129,5.95,0.09566,0.04063,E99118
0.75,0.189,4.09,0.13176,0.03998,E99118
1.75,0.33,4.43,0.05892,0.01218,E99118
