Q^2,xB,W^2,FL,errFL,experiment
2.5,0.0142,174.68,0.07071,0.03339,NMC
6.5,0.0326,193.88,0.04118,0.0326,NMC
10.0,0.0491,194.68,0.04367,0.03155,NMC
15.0,0.0807,171.76,0.03858,0.0349,NMC
15.0,0.0741,188.21,0.04011,0.0321,NMC
20.0,0.107,167.55,0.01675,0.0306,NMC
